User ID,name,Gender,Age,EstimatedSalary,Purchased
10000,Elizabeth Walters,Male,54,66421,1
10001,Megan Riley,Male,57,25476,1
10002,Justin Jackson,Female,22,135530,1
10003,Kathryn Bernard,Female,38,117486,0
10004,Jackie Lee,Female,56,73628,1
10005,Nicholas Maddox,Female,27,15946,0
10006,Brian Clarke,Female,21,40863,1
10007,Jennifer Nguyen,Female,58,97332,0
10008,Nichole Harrell,Female,33,67733,0
10009,Whitney Ramirez,Male,50,68601,1
10010,Kimberly Lewis,Female,41,131380,1
10011,Wesley White,Male,25,135442,0
10012,Wayne Price,Female,36,124456,0
10013,Melissa Sanchez,Female,38,83701,0
10014,John Green,Female,29,60890,0
10015,Christina Maldonado,Male,58,26525,0
10016,Adam David,Female,50,129056,0
10017,Michelle Wong,Female,52,45445,0
10018,Pamela Vazquez,Female,24,19295,1
10019,Katelyn Pacheco,Female,56,73277,0
10020,Amy Miller,Male,28,91951,0
10021,Angela Evans,Male,38,148099,0
10022,Melissa Fisher,Male,23,30373,0
10023,Miguel Gonzales,Male,53,109971,1
10024,Kelly Green,Female,51,59535,0
10025,Gabriella Blair,Female,58,103281,0
10026,Jason Hill,Female,51,63885,1
10027,Brett Smith,Female,50,88715,1
10028,Debbie Reese,Male,43,40477,0
10029,James Bennett,Female,20,146144,1
10030,Mark Baker,Male,51,59262,1
10031,Joel Nicholson,Female,32,79059,1
10032,Sarah Williams,Male,55,62692,1
10033,Antonio Harrison,Male,52,139213,1
10034,Tracy Taylor,Female,38,92022,0
10035,Edward Hays,Male,55,8416,0
10036,Stephen White,Female,56,88117,1
10037,John Eaton,Male,51,9263,0
10038,Jacob Baker,Male,20,72605,0
10039,Robert Garcia,Male,20,101671,-1
10040,Kimberly Hudson,Male,47,100126,0
10041,Robert Trujillo,Male,37,99697,-1
10042,Andrea Smith,Male,26,67984,0
10043,Kenneth Watson,Male,44,14576,0
10044,Marcus Howard MD,Male,51,119831,1
10045,Rachel Acevedo,Male,34,142507,0
10046,Samuel Franklin,Male,30,120212,1
10047,Paul Martinez,Male,52,11928,1
10048,Keith Rose,Female,25,76527,0
10049,Gerald Thornton,Female,37,43408,1
10050,Stephanie Martin,Female,24,40739,0
10051,Wesley Alexander,Male,49,64520,1
10052,Kathy Molina,Female,55,76839,0
10053,Jasmine Horne,Female,24,118608,0
10054,Amy Wolfe,Male,28,35108,1
10055,Samantha Rodriguez,Female,59,82492,1
10056,Alex Gardner,Male,38,19938,1
10057,Tara Thompson,Female,38,58713,1
10058,Travis Phillips,Female,28,149291,1
10059,Nicholas Hernandez,Female,34,128680,0
10060,Tom Jones,Female,27,38854,0
10061,David Johnson,Male,24,33195,0
10062,Stephen Rodriguez,Male,43,111625,1
10063,Oscar Turner,Female,30,91205,1
10064,Bruce Williams,Male,22,57454,0
10065,Erica Roberts,Male,57,49453,1
10066,Jesse Fisher,Male,27,49657,1
10067,Nicholas Montgomery,Male,56,110658,0
10068,Christopher Jones,Male,24,43838,1
10069,Michael Smith,Male,47,146765,0
10070,Jesse Rodriguez,Female,57,12259,1
10071,Beverly Heath,Male,43,74283,0
10072,Brian Byrd,Male,29,15045,1
10073,Melissa Kim,Female,24,112528,1
10074,Frank Vega,Female,53,145085,1
10075,Jeffrey Gilbert,Male,28,135105,0
10076,Matthew Martinez,Male,52,108046,0
10077,Andrea Sosa,Female,36,28063,1
10078,Andrew Henderson,Male,54,135450,0
10079,Andrew Rodriguez,Female,40,94254,1
10080,Daniel Dixon,Male,50,131990,1
10081,Charles Brown,Female,37,106103,1
10082,Brandon Johnson,Female,44,49303,0
10083,Eric Carr,Female,37,93377,1
10084,Kathleen Marshall,Male,33,75616,1
10085,Tyler Fernandez,Female,24,16858,1
10086,Todd Brown,Female,48,98913,1
10087,Edward Rose,Female,47,113137,1
10088,Anthony Jefferson,Male,22,10360,0
10089,Donna Powell,Female,37,85964,-1
10090,Susan Young,Male,43,60934,0
10091,Sara Figueroa,Female,45,129118,-1
10092,Timothy Leblanc,Male,56,81729,0
10093,Dennis Williams,Male,41,98288,1
10094,Shannon Paul,Male,59,17352,1
10095,Karen Shaw,Male,20,45077,1
10096,Brenda Martinez,Female,46,117738,1
10097,Ann Brown,Male,39,17077,1
10098,William Fuentes,Male,32,20594,0
10099,Kaylee Howard,Female,55,125922,0
10100,Laura Butler,Male,21,131771,1
10101,Sandra Price,Male,28,72778,1
10102,Gary Beard,Male,34,125768,0
10103,James Krueger,Female,57,91055,0
10104,Christopher Carter,Female,40,73863,0
10105,Cynthia Esparza,Male,42,17533,1
10106,Scott Brady Jr.,Female,34,80438,0
10107,Isaac Guerrero Jr.,Female,45,82545,1
10108,Maurice Pearson,Male,57,41887,0
10109,Jane George,Female,53,93872,0
10110,Ricky Tran,Male,57,28226,1
10111,Kyle Taylor,Female,57,106676,1
10112,Jose Leonard,Male,58,117308,0
10113,Joshua Hurley,Female,22,31480,1
10114,April Freeman,Female,48,117586,0
10115,Karen Reed,Male,28,120325,0
10116,David Lopez,Female,29,70705,0
10117,Zachary Foster,Male,30,58830,1
10118,Matthew Riley,Male,46,83730,0
10119,Austin Morgan,Female,59,51685,0
10120,Rachel Cox,Male,49,72916,-1
10121,Robin Wagner,Female,22,36663,1
10122,John Elliott,Female,49,15550,-1
10123,Katherine Barrett,Female,44,27754,1
10124,Beth Richards,Female,58,46569,0
10125,Jessica Schroeder,Female,57,87212,1
10126,Sheila Lutz,Female,21,146257,0
10127,Kristopher Mann,Female,55,136419,1
10128,Christy Hull,Male,38,80053,1
10129,Robert Jones,Female,29,72616,1
10130,Mr. James Wilson,Female,54,148470,0
10131,John Browning,Male,51,23304,0
10132,Kimberly Carter,Male,53,122750,0
10133,Mrs. Christina Gardner,Male,36,67681,0
10134,Lauren Navarro,Male,28,20179,-1
10135,Laura Schneider,Female,26,50668,1
10136,Olivia Gregory,Male,51,50896,0
10137,Caroline Thomas,Female,40,65459,1
10138,Christopher Coleman,Male,53,124273,0
10139,Jessica Mitchell,Male,32,102428,0
10140,Walter Scott,Male,34,25290,0
10141,Monica Smith,Female,55,118019,1
10142,Tammy Hicks,Male,39,66824,1
10143,Steven Estrada,Male,59,140569,1
10144,Tabitha Mcgrath,Male,40,136911,0
10145,Carol Johnson,Female,30,110497,0
10146,Nicole Morrow,Male,37,11188,0
10147,Alan Perez,Female,51,45530,1
10148,Angela Nolan,Male,52,62992,0
10149,Malik Gutierrez,Male,57,89069,0
10150,Paul Bush,Female,54,144663,0
10151,Stephanie Pacheco,Male,33,120951,1
10152,Melinda Murray,Male,22,13616,1
10153,Amanda Lloyd,Female,38,129437,0
10154,Tyler Brooks,Male,49,49720,1
10155,Lindsey Cummings,Female,28,64792,1
10156,Dana Martin,Female,41,57624,0
10157,Jerry Warren,Male,49,57241,1
10158,Kathryn Ward,Female,54,124943,1
10159,Jason Austin,Male,25,121697,1
10160,Ryan English,Female,22,125013,0
10161,Renee Hall,Male,58,53727,0
10162,Tracy Frey,Female,51,65581,0
10163,Kim Clark,Male,40,148372,1
10164,Randall Thornton,Female,37,103276,1
10165,Kathleen Owen,Female,44,82826,0
10166,Theresa Solis,Female,20,74224,1
10167,Eddie Osborn,Male,55,130972,1
10168,Antonio Williams,Female,45,54738,1
10169,Roy Wilson,Female,57,10848,0
10170,Jose Mills,Male,21,136040,1
10171,Heather Anderson,Female,30,106907,0
10172,Chase Hernandez,Female,31,66179,1
10173,Miss Ana Williamson DDS,Female,44,59426,1
10174,Brenda Frazier,Male,49,43884,0
10175,Michelle Sampson,Male,32,147281,1
10176,Jeffery Chapman,Female,27,28535,1
10177,Tina Trevino,Male,31,11224,0
10178,Mark Richardson,Female,34,111203,0
10179,Patricia Thompson,Female,28,104857,1
10180,Valerie Combs DDS,Male,51,27566,1
10181,Richard Kaiser,Female,32,99509,0
10182,Johnny Tanner,Male,30,129364,1
10183,Edwin Smith,Female,54,111363,0
10184,Brandy Snyder,Female,46,127052,1
10185,Roy Crosby,Female,45,73794,0
10186,Derek Bates,Male,58,122354,0
10187,Holly Haas,Female,30,129183,0
10188,Travis Campbell,Female,31,97477,-1
10189,Taylor Holland,Male,38,124058,-1
10190,Steven Elliott,Male,51,26282,1
10191,Michelle Garcia,Female,45,140515,1
10192,Joseph Rojas,Female,20,106102,0
10193,Chase Lee,Female,20,31322,-1
10194,Corey Perez,Female,20,29442,1
10195,Suzanne Diaz,Female,31,51117,0
10196,Becky Gonzalez,Male,22,108115,0
10197,Christopher Wells,Male,51,108474,1
10198,Cindy Ortiz,Male,23,33788,1
10199,Lisa Cohen,Male,29,62423,0
10200,Melissa Blanchard,Male,47,50270,1
10201,Jennifer Morton,Female,56,72772,0
10202,Dr. Jennifer Stewart,Male,23,96540,1
10203,Jillian Taylor,Male,29,13303,1
10204,Elizabeth Ramsey,Male,49,146788,1
10205,Justin Mendez,Female,43,77242,1
10206,Chad Lynn,Male,34,13778,1
10207,Monica Miller,Female,45,53405,1
10208,Jack Brown,Male,40,33384,0
10209,Peter Peterson,Male,33,45428,1
10210,Kathryn Jackson,Female,37,117049,1
10211,Brian Morton,Female,27,67944,1
10212,Leah Morales,Female,31,46891,0
10213,Joseph Taylor,Female,26,53822,1
10214,Sydney Young,Male,33,80365,0
10215,Frank Garcia,Female,38,85151,0
10216,Steven Stafford,Female,42,14840,0
10217,Andrew Martinez,Male,27,121151,1
10218,Tara Crane,Male,54,19309,1
10219,Nicole Dorsey,Male,30,28564,0
10220,James Miles,Male,58,27049,0
10221,Daniel Taylor,Female,56,120419,1
10222,Beverly Alvarez,Male,55,82269,0
10223,John Williams,Female,51,77288,1
10224,Alan Hudson,Female,51,86119,0
10225,Jordan Jackson,Female,42,29357,0
10226,Lisa Smith,Male,56,97099,0
10227,Lisa Santiago,Female,52,132432,0
10228,Erin Perry,Male,39,90130,0
10229,Katherine Jackson,Female,42,49489,1
10230,Justin Miranda,Male,33,55308,1
10231,Patrick Kim,Female,55,68561,0
10232,Carol Lawson,Male,32,57248,0
10233,Victoria Leonard,Female,56,85892,0
10234,Samuel Wise,Female,29,11493,1
10235,Amanda Morrison,Male,47,110621,0
10236,Lori Small,Male,52,124030,0
10237,Sean Zimmerman,Male,28,112069,0
10238,Jeremy Kim,Female,46,30360,0
10239,Joyce Simmons,Female,48,17160,1
10240,Yvonne Taylor,Female,54,87449,1
10241,Joshua Bright,Female,39,42861,0
10242,Kelly Sanchez,Male,39,134609,0
10243,Carol Gray,Male,37,99617,1
10244,Billy Valdez,Male,28,130832,1
10245,Paul Lopez,Male,44,23687,-1
10246,Justin West,Female,28,67585,0
10247,Timothy Thornton,Female,31,84673,1
10248,Thomas Wilkins,Female,34,11570,1
10249,Deborah Jackson,Male,25,109071,1
10250,Tina Jones,Female,42,62256,1
10251,Heather Martin,Male,42,125349,1
10252,Christopher Sanchez,Female,53,129952,0
10253,Christopher Velasquez,Male,56,82119,1
10254,Stephanie Reyes,Female,49,33661,1
10255,Matthew Armstrong,Female,25,50125,-1
10256,Joshua Browning,Female,40,65837,0
10257,Melissa Park,Female,38,49755,0
10258,Christine Brown,Male,22,67495,-1
10259,Carrie Baker,Female,53,120151,1
10260,Tina Baker,Male,40,23862,0
10261,Heidi Stokes,Female,48,11833,0
10262,Peter Hernandez,Female,53,139311,1
10263,Thomas Wilson,Male,32,124013,1
10264,Jessica Maldonado,Female,30,16380,0
10265,Emily Ford,Female,32,62198,1
10266,Michael Cruz,Female,31,57603,0
10267,Gregory Edwards,Female,36,56531,1
10268,Dawn Brewer,Female,30,45146,0
10269,Christopher Morris,Female,35,47786,0
10270,John Sanders,Female,51,116319,1
10271,Elizabeth Cannon,Male,59,39649,1
10272,Patricia Larson,Male,32,80573,0
10273,Kara Collins,Female,39,71111,1
10274,Thomas Garcia,Male,27,55722,0
10275,Teresa Guerra,Male,41,37512,0
10276,David Butler,Male,33,138644,1
10277,Sarah Ramos,Female,39,97197,1
10278,Nicholas Hernandez,Male,57,19905,0
10279,Nicole Pratt,Male,57,80369,0
10280,Kari Kirby,Male,50,145719,0
10281,Nicole Howard,Female,59,16169,0
10282,Allison Hobbs,Male,57,140013,1
10283,Nicholas Garza,Male,46,41589,1
10284,Kimberly Henry,Female,54,26538,0
10285,Mary Kelly,Female,35,126028,1
10286,John Lowery,Female,47,90014,0
10287,Kyle King,Female,34,48397,-1
10288,Emily Ramirez,Female,31,41297,1
10289,Brittany Schmitt,Male,46,40647,1
10290,Leah Gomez,Female,26,122799,1
10291,Adam Thomas,Female,44,92168,-1
10292,Stephen Peters,Female,34,59515,1
10293,Tiffany Padilla,Female,24,116068,0
10294,Justin Hooper,Male,34,111917,1
10295,Gary Martin,Female,39,74641,1
10296,Anthony Smith,Male,43,50686,-1
10297,Jonathan Roberts,Female,54,26838,1
10298,Shelby Schroeder,Male,57,36853,0
10299,Timothy Baker,Male,36,76478,0
10300,Karina Phillips,Female,22,8663,0
10301,Patricia Davis,Male,41,142268,0
10302,Cheryl Price,Female,30,78592,1
10303,Alexander Lin,Male,33,83268,-1
10304,Courtney Webb,Female,57,94307,0
10305,Heather Hansen,Male,27,35845,1
10306,Michael Morgan PhD,Male,31,94659,0
10307,Ryan Perez,Male,25,59234,0
10308,Mark Paul,Male,54,115948,1
10309,Mia Mathis,Female,39,111466,0
10310,Cameron Santos,Female,33,108165,1
10311,Grant Brown,Male,35,61822,1
10312,Elizabeth Vazquez,Male,33,34642,0
10313,Michael Randall,Female,22,109215,1
10314,Casey Levy,Female,52,41336,0
10315,Tracy Smith,Female,57,53762,1
10316,Mr. Eduardo Chen,Female,27,96449,1
10317,Annette Bell,Male,46,57044,0
10318,Sara Ortiz,Female,58,116415,0
10319,Megan Berry,Male,44,141005,1
10320,Tiffany Kennedy,Male,52,78835,1
10321,Dr. Sarah Hughes DDS,Male,29,36103,0
10322,Kara Rasmussen,Male,28,29409,1
10323,Mark Robinson,Male,43,24212,0
10324,Carla Hart,Female,39,87185,1
10325,Michael Robinson,Male,59,100939,1
10326,Connor Kelly,Male,57,131995,1
10327,Casey Singh MD,Male,56,94363,1
10328,Tamara Sims,Female,38,122786,1
10329,Erica Booth,Male,35,19312,0
10330,Dustin Gonzalez,Male,37,114507,1
10331,Edward West,Male,37,12472,0
10332,John Hughes,Male,25,96322,0
10333,Cindy Henson,Male,43,128091,0
10334,Carolyn Bradford,Female,34,26942,1
10335,James Buchanan,Male,39,87860,1
10336,Ronald Palmer,Male,51,116068,0
10337,Charles Garcia,Male,51,96267,1
10338,Donald Lewis,Male,42,148093,1
10339,Justin Nguyen,Male,43,99265,-1
10340,Robert Davis,Female,37,84908,0
10341,Audrey Weaver,Female,53,59279,1
10342,Amy Golden,Female,24,97713,0
10343,Ronald Ball,Male,22,129815,1
10344,Jane May,Male,26,64935,-1
10345,Justin Jordan,Female,57,117586,1
10346,Andrew Morris,Male,58,117119,0
10347,Jennifer White,Female,24,145479,1
10348,Dominique Clark,Male,28,68754,0
10349,Erin Crawford,Male,22,14050,-1
10350,Angela Lloyd,Female,27,130311,1
10351,Brendan Nelson,Male,47,145605,1
10352,Ian Brooks,Male,44,71661,1
10353,Larry Grimes,Female,47,93094,0
10354,Joshua Miranda,Female,28,108073,1
10355,Jeffery Gilbert,Male,22,132718,0
10356,Melissa Miller,Male,51,64830,1
10357,Joel Lawrence,Male,21,124223,0
10358,Ashley Adams,Female,38,94630,0
10359,Dr. Mindy Evans,Male,28,34273,0
10360,Michelle Lopez,Male,38,28804,0
10361,Megan Price,Female,27,134290,1
10362,Mrs. Jennifer Johnson,Male,37,141533,0
10363,Mr. Ronald Acosta,Male,25,12155,1
10364,Brenda King,Female,35,98953,0
10365,Frank Adams,Male,33,100478,1
10366,Timothy Mills,Female,45,143009,1
10367,Tina Perez,Male,49,55841,1
10368,Maureen Willis,Female,34,91931,1
10369,Kathleen Graves,Female,35,70648,0
10370,Dylan Byrd,Female,48,9942,0
10371,Elijah Robertson,Female,22,127659,1
10372,Diana Rodriguez,Female,30,141069,1
10373,Michael Middleton,Male,34,107574,0
10374,Melissa Hernandez,Female,48,78639,1
10375,Megan Mays,Male,58,143995,0
10376,Tracey Gross,Female,53,120453,0
10377,Tammy Moore,Male,50,126278,1
10378,John Gonzalez,Male,32,13851,-1
10379,Veronica Schwartz DDS,Male,50,96947,0
10380,John Peterson,Female,36,131391,0
10381,Bonnie Peterson,Female,57,62904,0
10382,Jacob Garcia,Female,44,79531,0
10383,Sarah Butler,Female,22,126127,0
10384,Vincent Simpson,Female,37,102616,0
10385,Eric Allison,Female,26,80414,0
10386,Christopher Nelson,Female,47,134762,0
10387,Kaitlyn Little,Female,39,23069,1
10388,Tina Stafford,Female,28,146905,1
10389,Marissa Singh,Female,20,95864,1
10390,Michelle Munoz,Female,34,11572,1
10391,Samantha Boyer,Male,41,102557,1
10392,Brian Sims,Male,43,64241,0
10393,Francisco Johnson,Female,48,35663,0
10394,Lori Robinson,Male,21,129130,1
10395,Antonio Oliver,Male,33,121797,1
10396,Barbara Martin,Male,47,130248,0
10397,Mary Frederick,Female,53,83765,1
10398,Amanda Weber,Male,54,49652,0
10399,Justin Dean,Female,24,113929,1
10400,James Hanna,Male,51,107855,1
10401,Deborah Johnson,Male,53,32711,0
10402,Dawn Mann,Female,57,58592,1
10403,Roy Rosario,Female,22,107506,0
10404,David Anderson,Female,21,64393,1
10405,Thomas Randolph MD,Female,38,27935,1
10406,Jason Herrera,Male,23,16835,0
10407,Shelby White,Male,48,100683,0
10408,Michael Anderson,Female,24,59572,1
10409,Curtis Tucker,Female,44,88314,-1
10410,Donald Cain,Male,50,95812,1
10411,Patrick Small,Male,32,108815,1
10412,Tara Hicks,Male,26,131596,1
10413,Colleen Foster,Male,48,128748,1
10414,Charles Chen,Female,42,112304,1
10415,Michele Smith,Female,38,140563,0
10416,James Lewis,Female,46,113390,0
10417,Melissa Freeman,Male,41,50787,0
10418,Dana Sanford,Female,25,116760,1
10419,Paul Harris,Female,38,27328,0
10420,Wendy Berry,Male,52,20990,0
10421,Mrs. Michelle Barnes,Female,38,85006,1
10422,Vincent Perry,Female,28,11113,1
10423,Laura Sanders,Male,39,28486,0
10424,Hailey Snyder,Male,36,134938,0
10425,Adriana Johnson,Male,31,94423,1
10426,Adriana Jenkins,Male,34,109115,0
10427,Patrick Campbell,Male,59,24547,0
10428,Robert Salinas,Male,21,44897,1
10429,Scott Schwartz,Female,41,105302,0
10430,Kenneth Haley,Male,30,146727,0
10431,Todd Henderson,Male,45,149378,0
10432,Michael Green,Female,43,85250,0
10433,Jonathan Wagner,Male,39,47722,1
10434,Amy Harris,Male,55,140883,0
10435,Timothy Watson,Female,22,19256,0
10436,Anthony Rowe,Female,37,118707,0
10437,Justin Clark,Female,57,111960,1
10438,Victoria Johnson,Female,41,29335,1
10439,Zachary Booth,Male,32,76273,1
10440,Joseph Rivas,Female,26,100893,1
10441,Dorothy Owens DVM,Female,44,105120,0
10442,Ryan Melendez,Male,57,123042,0
10443,Sherry Hensley,Female,44,116853,1
10444,Jose Hinton,Female,30,84495,0
10445,Robert Ali,Female,52,76075,1
10446,Kelly Davis,Female,39,43057,0
10447,Richard Rogers,Male,35,102643,0
10448,Michael Juarez,Male,33,40843,0
10449,Courtney Higgins,Male,40,123836,0
10450,Christian Huynh,Female,21,121727,0
10451,Marissa White MD,Female,28,114180,0
10452,Kiara Martinez,Female,41,69253,0
10453,Olivia Allen,Male,29,12852,1
10454,Kevin Johnson,Male,46,58390,0
10455,Kristina Clark,Male,52,60495,0
10456,Matthew Garcia,Female,41,109065,1
10457,Brooke Bates,Male,27,79970,0
10458,Taylor Miller,Female,38,38711,1
10459,Jason Lee,Female,55,101459,0
10460,Scott Diaz,Female,45,53676,0
10461,Lynn Weaver,Male,40,54223,1
10462,Matthew Walker,Female,42,133884,1
10463,Lauren Durham,Male,59,8916,1
10464,Sherry Saunders,Female,42,68058,0
10465,Melissa Taylor,Female,50,80550,0
10466,Brian Flores,Female,21,102148,1
10467,Gina Kidd,Female,32,44273,1
10468,Teresa Thompson MD,Female,23,10470,0
10469,Elizabeth Johnson,Male,50,140812,0
10470,Darlene Monroe,Male,34,119208,0
10471,Gavin Evans,Male,35,114265,1
10472,Lisa Padilla,Male,25,50475,1
10473,Megan Lambert,Female,58,74127,1
10474,Kyle Diaz,Male,59,20852,0
10475,Mark Gonzalez,Female,40,47725,0
10476,Erik Rojas,Female,49,67712,-1
10477,Melinda Ryan,Female,32,89168,1
10478,Nicole Erickson,Female,56,131199,0
10479,Jessica Cox,Male,44,95250,1
10480,Cameron Kirk,Male,27,47616,0
10481,Richard Jackson,Male,26,142146,1
10482,Paul Hall,Female,23,96521,0
10483,Kevin Holmes,Male,30,93122,0
10484,Mario Hickman,Male,29,78509,1
10485,Matthew Zhang,Female,42,81410,1
10486,Timothy Small,Female,32,96828,0
10487,James Roy,Male,39,17890,1
10488,Christine Trujillo,Female,25,115616,1
10489,Allen Shea,Female,53,75724,1
10490,Sherry Martinez,Male,52,56440,-1
10491,Erin Smith,Male,34,80031,1
10492,Brianna Shelton,Female,30,63026,1
10493,Michael Newton,Female,28,130726,1
10494,Micheal Haynes,Male,34,73030,0
10495,Kayla Mayo,Female,48,74758,1
10496,Kevin Brock,Female,21,135473,1
10497,Sarah Wright,Male,46,89772,0
10498,Jessica Schmidt,Female,29,28738,1
10499,Stephen Richard,Male,41,78521,1
10500,Julie Jones,Male,33,20281,0
10501,Cassandra Rice,Female,51,9679,0
10502,Phillip Cervantes,Female,43,20354,-1
10503,Paige Garcia,Female,59,130715,0
10504,Roy Williamson,Female,47,85645,1
10505,Kyle Montgomery,Male,23,120624,0
10506,Sarah Guerrero,Female,54,118044,1
10507,Jimmy Taylor,Female,20,74027,1
10508,Tina Allen,Female,42,8317,0
10509,Linda Cooper,Female,22,116573,-1
10510,Allison Caldwell,Female,25,148933,1
10511,Nancy Curtis,Male,22,19487,0
10512,Elizabeth Murphy,Female,53,47784,0
10513,Brian Palmer,Female,23,17947,1
10514,Leah Dixon,Female,26,42745,0
10515,Brianna Thompson,Female,29,37197,0
10516,Denise Brown,Female,49,69105,0
10517,Jamie May,Male,49,55127,1
10518,Tina Thompson,Male,51,64511,0
10519,Cameron Harrison,Male,50,95444,1
10520,Kathy Thompson,Male,57,48102,1
10521,Ashley Pratt,Male,57,101052,-1
10522,Jesse Hill,Male,34,132602,0
10523,Luke Lewis,Male,58,50904,0
10524,Michael York,Male,37,108528,0
10525,Sharon Lucas,Male,56,72157,0
10526,Stephen Spencer,Male,41,22839,0
10527,Jocelyn Lewis,Female,20,61581,0
10528,Marie Bond,Male,22,129122,0
10529,Derek Parker,Male,58,61746,1
10530,Daniel Allison,Male,30,20243,0
10531,Bobby Rogers,Female,46,43141,0
10532,Savannah Todd,Male,36,12780,1
10533,Tara Wade,Male,26,76182,0
10534,Timothy Moyer,Male,32,103426,0
10535,Jennifer Nguyen,Female,27,57367,1
10536,Steven Woods,Male,21,116216,1
10537,Justin Roberts,Male,39,82782,0
10538,Elizabeth Anderson,Female,49,31196,1
10539,Keith Grant,Male,47,33157,1
10540,Riley Carroll,Female,26,24957,1
10541,Vanessa Mendoza,Male,21,130914,1
10542,Mary Ross,Male,33,148484,-1
10543,Lindsey Gaines,Male,53,74513,0
10544,Karina Tate,Male,34,118238,1
10545,Paul Black,Female,55,130364,0
10546,Lisa Mcfarland,Male,28,25248,1
10547,Scott Fuentes,Female,46,57449,1
10548,Benjamin Mclaughlin,Male,49,70848,0
10549,Margaret Landry,Male,47,60375,0
10550,Lindsay Bates,Female,59,140355,0
10551,Terri Davis,Male,52,43589,0
10552,Ryan Martin,Male,49,80632,1
10553,Carolyn Jacobson,Male,57,128418,1
10554,Edward Fowler,Female,21,48637,0
10555,Jacqueline Dickson,Female,44,96609,0
10556,Timothy Cummings,Female,42,117136,1
10557,Lisa Woods,Female,58,43104,0
10558,Mary Mclean,Female,27,25550,0
10559,Andrew Clements,Female,31,104714,1
10560,James Williams,Female,23,57403,0
10561,Stephen Shaw,Male,33,100081,0
10562,Melanie Scott,Female,46,36976,0
10563,Jaime Ward,Male,32,123669,0
10564,Theresa Dunn,Female,36,35459,1
10565,Mrs. Jillian Brewer,Male,57,99974,0
10566,Zachary Strong,Female,55,110429,0
10567,Amanda Heath,Female,27,43692,-1
10568,James Quinn,Female,49,27754,0
10569,Craig Vincent,Female,29,138922,1
10570,Jonathan Barry,Female,43,8328,1
10571,Scott Hernandez,Male,58,70516,1
10572,Michelle Yang,Male,26,129752,1
10573,Peter Jackson,Male,32,48443,0
10574,Christopher Nash,Female,34,102195,1
10575,Linda Luna,Male,23,122651,0
10576,Matthew White,Male,36,69510,1
10577,Scott Martin,Female,23,37308,0
10578,Tyler Bell,Female,25,98904,0
10579,Aaron Lewis,Male,58,46529,0
10580,Cheryl Morgan,Male,35,36549,0
10581,Justin Williams,Female,58,66237,0
10582,Jacqueline Robinson,Female,55,105391,1
10583,Samantha Vargas,Male,52,89081,0
10584,Joel Gonzalez,Female,26,78763,-1
10585,Richard Murphy,Male,43,94487,1
10586,Catherine Mills,Female,52,94918,0
10587,Melissa Davis,Female,31,10029,0
10588,Rebekah Reynolds,Female,46,40646,-1
10589,Michael Grimes,Female,53,105143,0
10590,Jared Rice,Male,43,107743,0
10591,Angel Johnson,Male,31,134351,1
10592,Nicholas Johnson,Female,47,8371,1
10593,Tracy Ross,Female,21,132719,0
10594,Joseph Chan,Male,22,113455,1
10595,Jennifer Nicholson,Male,21,24335,0
10596,Dr. James Erickson Jr.,Female,21,131980,0
10597,Stephanie Pineda,Male,56,68899,0
10598,Abigail Haley,Male,44,37388,1
10599,Maria Saunders,Female,20,147404,1
10600,Brittany Jensen,Female,36,63536,1
10601,Melissa Baldwin,Male,46,44223,-1
10602,Elizabeth Bennett,Female,52,59081,0
10603,Marc Clark,Male,21,129372,0
10604,Heather Hahn,Female,26,104008,1
10605,Heather Robinson,Male,33,126456,0
10606,Janet Dennis,Female,23,122372,0
10607,Andre Mercer,Male,43,119479,1
10608,Anne Bullock,Female,48,43581,0
10609,Nathan Russell,Female,42,8752,1
10610,Joseph Smith,Female,33,96315,1
10611,Shannon Ramirez,Male,29,132761,0
10612,Lisa Franco,Male,55,131777,0
10613,Christina Boyd,Male,48,14612,1
10614,Adam Kelly,Female,56,36792,0
10615,Jessica Bean,Female,46,65399,1
10616,Michael Gregory,Male,28,46276,1
10617,Sheena Dudley,Male,38,108670,1
10618,Kelsey Brown,Male,27,14717,1
10619,Michael Lee,Male,25,133066,1
10620,Brandi Mosley,Female,58,103429,0
10621,Rebecca Williamson,Male,31,18961,-1
10622,Gabriel King,Male,20,116665,1
10623,Nicole Williams,Female,36,46624,1
10624,Susan Carter,Female,57,37075,1
10625,Sherry Cervantes,Male,58,124970,0
10626,Danny Johnson,Female,41,62961,0
10627,Kelly Mata,Female,53,56966,1
10628,Mary Newton,Female,52,16403,0
10629,David Wallace,Male,29,26570,0
10630,Dominique Campbell,Female,21,101152,0
10631,Michael Miller,Male,35,56558,1
10632,Robert Wagner,Male,47,99353,0
10633,Kathleen Paul,Female,34,75106,1
10634,Maria Liu MD,Female,20,100866,0
10635,Robert Pittman,Female,20,107614,0
10636,Michael Lee,Female,56,128273,0
10637,Katherine Garrett,Male,45,55336,1
10638,Dustin Perez,Male,33,136121,1
10639,Valerie Banks,Male,42,117755,-1
10640,Danielle Sloan,Female,35,36593,1
10641,Mary Garcia,Female,54,12424,-1
10642,Katherine Robbins,Male,55,101498,0
10643,Michael Jones,Male,31,18422,1
10644,Debra Jackson,Female,34,29178,1
10645,Jennifer Pineda,Female,22,73016,0
10646,Karla Vasquez,Male,35,131702,1
10647,Amanda Young,Male,36,81596,0
10648,Amanda Jones,Female,26,53344,0
10649,John Moran,Male,58,67162,-1
10650,Cathy Ibarra,Male,44,139638,1
10651,Kevin Dillon,Female,43,20327,0
10652,Tony Jordan,Male,23,137182,0
10653,Samantha Brewer,Female,23,103292,1
10654,Felicia Garza,Male,23,137026,1
10655,Ms. Jennifer Gross DVM,Female,54,118117,1
10656,Anne Hernandez,Female,34,120628,1
10657,Michael Dodson,Male,48,33224,0
10658,Darius Rush,Female,49,133960,1
10659,Wayne Young,Female,20,19047,1
10660,Melissa Alexander,Male,56,62400,1
10661,Jordan Scott,Male,53,115510,0
10662,Cheryl Parks,Female,38,144700,0
10663,Anthony Wilcox,Female,57,72396,0
10664,Donald Hopkins,Male,23,116480,1
10665,Kelly Williams,Female,33,25986,1
10666,Mark Larsen,Female,55,26917,1
10667,Michael Ayers,Female,58,34670,1
10668,Christopher Hart,Male,27,102946,0
10669,Ralph Nelson,Female,40,140347,0
10670,James Franklin,Male,32,56689,1
10671,Lisa Kaiser,Male,40,20165,0
10672,Michael Richards,Female,37,90371,1
10673,Ashley Santana,Male,52,25671,1
10674,Allen Gonzalez,Male,32,9551,1
10675,Lindsey Moore,Female,30,52544,-1
10676,Jill Zimmerman,Female,41,133547,0
10677,Christina Harrington,Male,47,51724,0
10678,Cheryl Brown,Male,34,120488,1
10679,Joshua Lopez,Female,51,33408,0
10680,Tony Moreno,Female,55,57720,0
10681,Alexa Maxwell,Male,35,60708,0
10682,Stephanie Wood,Male,21,119786,-1
10683,John Mcpherson,Female,37,113616,0
10684,Michael Weber,Female,57,121255,1
10685,Lisa Coleman,Female,33,77394,1
10686,Herbert Hickman,Male,38,53876,1
10687,Joseph Jordan,Male,35,59836,1
10688,Sarah Thompson,Male,33,66919,0
10689,Robert Moran MD,Female,57,120477,0
10690,William Hamilton,Female,52,135065,0
10691,Chad Vincent,Male,38,90294,0
10692,Carrie Burgess,Female,36,48147,1
10693,Andrew Johnson,Male,37,134422,1
10694,Mr. Mark Duncan,Female,32,121684,0
10695,Ryan Gill,Male,20,50131,0
10696,Brittany Lowe,Female,57,37122,0
10697,Savannah Bullock,Male,38,22530,0
10698,Russell Barajas,Female,53,11710,1
10699,Yolanda Nicholson,Male,29,106956,-1
10700,David Rosales,Female,37,26799,0
10701,Wendy Mendez,Female,43,69325,0
10702,Mary Arnold,Male,44,95787,0
10703,Leslie Robinson,Male,28,98044,0
10704,Steven Hoover,Female,59,23728,0
10705,Thomas Garcia,Male,38,118536,0
10706,Joseph Reynolds,Male,26,145761,1
10707,Jason Frazier,Male,26,50295,0
10708,Melissa Smith,Female,41,106232,1
10709,Joseph Hodges,Female,21,30140,1
10710,Zachary Turner,Female,25,48127,1
10711,John Allen,Female,36,104022,0
10712,Darren Cruz,Female,46,77871,0
10713,James Barnes,Male,32,50326,1
10714,Ronnie Duncan,Female,23,12282,0
10715,Zachary Roman PhD,Male,30,64136,0
10716,Sabrina Hodges,Female,40,57169,1
10717,Sophia Henry,Male,22,80206,0
10718,Tiffany Hall,Female,45,65713,1
10719,Samuel Torres,Male,50,63314,1
10720,Jeffrey Cook,Male,26,135149,0
10721,David Harris,Male,24,84154,1
10722,Mark Jones,Male,22,146926,1
10723,Thomas Hill,Male,27,32615,1
10724,Christian Gregory,Male,29,116985,0
10725,Russell Dunlap MD,Female,30,24558,1
10726,Stephanie Wilson,Female,30,53984,1
10727,Allison Alexander,Male,24,65593,1
10728,Sara Taylor,Female,55,34463,0
10729,Caroline Jackson,Male,52,108982,0
10730,Nathaniel Nguyen,Male,51,132623,1
10731,Seth Clark,Female,53,24572,1
10732,Seth Scott,Male,57,105840,1
10733,Pamela Elliott,Female,29,77225,1
10734,Alyssa Walker,Female,53,107474,0
10735,Jeremy Goodwin,Female,50,76427,1
10736,Jessica Hernandez,Male,43,136406,0
10737,Taylor Garcia,Male,49,101621,0
10738,Susan Mcgee,Female,24,44959,1
10739,John Torres,Female,21,36247,1
10740,Dawn Tate,Male,29,43152,1
10741,Timothy Newman,Female,25,77434,0
10742,Mary Weber,Male,59,55807,0
10743,Brett Vargas MD,Female,23,71033,0
10744,Heather Harris,Female,25,20609,0
10745,John Nelson,Male,24,76013,1
10746,John Tate,Female,25,67475,0
10747,Meghan Morris,Male,37,36378,1
10748,Christina Ortiz,Female,32,11091,1
10749,Susan Rice,Male,26,28773,1
10750,Marie Kim,Female,21,88988,1
10751,David Parks,Female,32,34490,1
10752,Christopher Sanchez,Male,50,16454,0
10753,Victoria King,Female,34,132728,1
10754,James Newton,Male,33,12264,0
10755,Zachary Cole,Female,57,83406,0
10756,Candice Fowler,Male,31,128186,1
10757,Joseph Knight,Female,48,71050,0
10758,Anthony Sosa,Male,29,89468,1
10759,Kathryn Peterson,Male,53,86258,1
10760,Kyle Krause,Male,43,60509,0
10761,Alexandria Chen,Female,22,94102,0
10762,Jonathan Oliver,Male,52,117113,1
10763,Sherry Murphy,Male,25,111363,-1
10764,Cameron Woods,Male,23,14284,1
10765,Adam Wright,Female,52,120350,1
10766,Jimmy Ross,Male,57,53458,1
10767,Anthony Mcdonald Jr.,Female,28,87952,0
10768,Anthony Johnson,Male,48,40152,1
10769,David Brennan,Male,31,62246,0
10770,Elizabeth Haas,Male,54,79761,1
10771,Troy Mcneil,Female,20,10161,1
10772,Candice Francis,Male,41,57918,1
10773,Laura Love,Female,32,113776,0
10774,Jessica Phillips,Female,20,113256,0
10775,Scott Green,Female,23,80240,0
10776,Joseph Reynolds,Female,28,107835,1
10777,Gregory Hayes,Female,56,35311,0
10778,Tiffany Reyes,Female,29,46398,0
10779,Rebecca Dennis,Female,47,92124,1
10780,Amy Murphy,Male,48,108511,1
10781,Michael Miller,Female,40,137236,0
10782,Thomas Wilkerson,Male,46,42384,0
10783,Ann Dyer,Female,26,9016,0
10784,Jeffrey Williams,Male,50,148787,0
10785,Anna Roberts,Female,35,107774,0
10786,Cassandra Gill,Female,34,125280,1
10787,Travis Campbell,Female,55,53432,1
10788,Nicole Maxwell,Male,29,95188,0
10789,Carol Martin,Male,38,133281,1
10790,Stephanie Robinson MD,Female,44,56991,0
10791,Ashley Mays,Male,58,73622,0
10792,Jeremy Thomas,Male,42,58544,1
10793,Sara Rodriguez,Female,23,13028,0
10794,Brianna Pittman,Female,40,137348,0
10795,Michael Riggs,Male,58,77959,0
10796,Emily Buckley,Male,20,50405,0
10797,Tina Lucero,Female,39,58318,1
10798,Linda Flores,Female,32,131896,1
10799,Sheri Gregory,Female,20,24098,0
10800,John Maynard,Female,42,125259,1
10801,Allison Phillips,Female,25,48926,0
10802,Wayne Leonard,Male,54,110158,1
10803,Alec Cruz,Male,22,44352,0
10804,Tiffany Simon,Male,33,72081,1
10805,Alex Wolfe,Male,23,113147,1
10806,Ashley Gross,Male,49,41950,0
10807,Brooke Cruz,Male,45,123473,1
10808,Leonard Williams,Male,24,67814,0
10809,Martin Wheeler,Female,44,32243,0
10810,Barbara Bowen,Male,56,98987,0
10811,Cindy Cooper,Male,47,59844,1
10812,Russell Anderson,Female,30,82254,0
10813,Barbara Morrow,Male,31,87080,0
10814,Ms. Renee Boyd,Male,51,112146,0
10815,Kimberly Reyes,Male,58,59643,1
10816,Melissa Mendoza,Male,51,131141,1
10817,Sarah Williams,Female,30,19557,1
10818,Sandra Jones,Female,37,30198,1
10819,Jessica Griffith,Female,46,110142,0
10820,Casey Hanna,Female,40,34746,1
10821,Eric English,Male,41,10091,0
10822,Amanda White,Male,41,28608,0
10823,Nicole Suarez,Female,59,111670,0
10824,Elaine Brown,Male,20,84016,0
10825,Kayla Burton,Female,55,119035,0
10826,Geoffrey Hudson,Male,41,87651,1
10827,Erika Powers,Male,27,22615,0
10828,Ryan Klein,Male,55,42359,0
10829,Matthew Sullivan,Male,44,61444,1
10830,Susan Smith,Female,28,81274,0
10831,Kyle Hunt,Female,21,149959,-1
10832,John Brown,Female,24,88406,1
10833,Jacqueline Russell,Male,47,47730,0
10834,Patricia Hernandez,Male,37,15652,1
10835,Benjamin Cunningham,Female,39,100561,0
10836,Patty Odom,Female,32,142816,1
10837,Jessica Gonzalez,Female,45,126332,1
10838,Wesley Morales,Female,55,109215,1
10839,Sharon Lee,Female,54,25176,-1
10840,Kim Carter,Female,52,97791,0
10841,Michael Simpson,Male,27,119617,0
10842,Elizabeth Jacobson,Female,49,78270,1
10843,Charles Prince,Male,34,32061,0
10844,Andrea Jimenez,Female,22,134082,0
10845,Mark Kennedy,Female,31,106570,0
10846,Debbie Mcknight,Female,47,37568,0
10847,Debra Lee,Female,51,99701,0
10848,Thomas White,Male,46,128178,0
10849,Robert Aguirre,Female,59,69675,1
10850,Amanda Delacruz,Male,43,23757,-1
10851,Linda Shaw,Male,45,68498,1
10852,Diana Scott,Male,51,112120,0
10853,Steven Shelton,Female,52,73128,0
10854,Jennifer Cook,Male,57,78554,1
10855,Kyle Avila,Male,39,106000,0
10856,Corey Love,Female,27,98484,1
10857,Anthony Wilson,Female,31,28504,0
10858,Eric Wheeler,Male,37,95092,0
10859,Austin Avila,Female,45,29534,1
10860,Nicholas Scott,Female,41,115880,1
10861,Martin Choi,Female,41,86269,0
10862,Eric Burke,Male,39,59665,0
10863,Christopher Alvarez,Female,24,65067,0
10864,Kimberly Garcia,Female,50,41371,0
10865,Gary Jackson,Female,26,22616,0
10866,Jennifer Evans,Female,45,11089,0
10867,Vincent Clark,Male,49,76776,0
10868,Jacob Sawyer,Male,59,34509,1
10869,Donna Shelton,Male,20,147699,0
10870,Nancy Mitchell,Male,54,128794,0
10871,Jane Gutierrez,Male,32,79722,-1
10872,Peter Morrison,Female,38,12482,-1
10873,Darren Calhoun,Male,57,101104,0
10874,Deanna Farmer,Male,20,116323,0
10875,Michael Lawrence,Female,48,64237,0
10876,Jessica Fisher,Male,47,132216,1
10877,Jacqueline Meyers,Female,54,35287,0
10878,Sherri Johnson,Male,47,68382,0
10879,Megan Thompson,Female,46,107582,1
10880,Rachel Wheeler,Male,31,147530,0
10881,Nicole Keller,Female,59,47910,0
10882,Michelle Carroll,Female,40,66985,0
10883,Kimberly Kramer,Male,38,51272,1
10884,Erica Werner,Male,55,149211,1
10885,Catherine Hamilton,Female,23,60415,0
10886,Samantha Brown,Female,38,103307,0
10887,James Henry,Female,47,97133,-1
10888,Wesley Castro,Male,32,47956,0
10889,Mrs. Samantha Powell,Female,44,90576,1
10890,Christopher Pennington,Male,36,45189,0
10891,Troy Lee,Male,55,127099,0
10892,Tina Jarvis,Male,55,45272,0
10893,Kayla Thompson,Female,58,127802,1
10894,Lori Lopez,Male,38,22867,-1
10895,Sarah Cannon,Male,57,76683,1
10896,Pamela Smith,Female,44,97782,1
10897,Shane Branch,Male,39,72194,0
10898,Stephen Howell,Male,28,52249,0
10899,Melanie Wyatt,Male,47,147324,0
10900,Tiffany Welch,Female,42,106605,1
10901,Robert Thomas,Female,49,137604,1
10902,Anthony Gonzales,Male,30,54047,0
10903,Justin Benjamin,Male,59,123906,1
10904,Yvonne Jennings,Female,21,145529,0
10905,Miss Sandra Fuller,Female,49,116696,1
10906,Linda Adkins,Female,59,38275,1
10907,Jason Lee,Female,39,79829,1
10908,Billy Lopez,Female,53,32041,1
10909,Rachel Edwards,Female,42,31083,0
10910,John Parker,Male,51,102596,1
10911,Sarah Robinson,Male,34,111203,1
10912,Cathy Perry,Female,39,105814,1
10913,Kenneth Simmons,Female,33,95757,0
10914,Jill Skinner,Male,56,123320,1
10915,Douglas Martinez,Male,51,138779,1
10916,Paul Johnson,Female,36,25138,0
10917,Brian Shea,Male,47,143237,1
10918,Scott Jones,Male,26,94639,1
10919,Jerry Barton,Female,27,77768,1
10920,Paula Stanley,Female,58,84606,1
10921,Mason Jones,Female,21,79101,-1
10922,Patricia Wong,Male,20,79374,0
10923,Edward Cox,Female,39,119564,1
10924,Manuel Martinez,Female,39,149002,0
10925,Daniel Pena,Female,29,74635,0
10926,Christopher Ayers,Female,36,104005,1
10927,Paul Delgado,Female,44,39914,1
10928,Tina Stevenson,Female,39,98030,1
10929,Justin Robbins,Male,27,82057,1
10930,David Smith,Male,24,67312,0
10931,Michelle Gallagher,Female,35,113704,0
10932,Caitlin Carter,Male,37,112968,1
10933,Timothy Salinas,Female,33,24286,1
10934,Timothy Peters,Male,34,115695,0
10935,Tina Ware,Male,33,121120,1
10936,Brandon Jones,Female,22,69311,1
10937,Richard Sanchez,Female,37,107072,0
10938,Darrell Henry,Female,46,15715,1
10939,Matthew Diaz,Male,50,9646,0
10940,Justin Long,Male,36,148290,1
10941,Beth Jacobs,Female,57,118810,0
10942,Derek Blankenship,Male,50,125333,0
10943,Whitney Evans,Male,29,141317,0
10944,Ian Turner,Male,37,109202,1
10945,Matthew Williams,Male,27,82862,0
10946,Travis Gibson,Male,33,30413,0
10947,Erica Ellis,Female,22,116543,1
10948,Stephen Dixon,Male,59,143919,0
10949,Joshua Hughes,Male,29,81487,1
10950,William Clark,Female,55,107159,0
10951,Zachary Scott,Female,48,8138,0
10952,Cheyenne Booth,Male,26,66047,0
10953,Mary Abbott,Female,34,129370,1
10954,Diana Howell,Female,52,26377,0
10955,Kathleen Franco,Female,27,143923,0
10956,Jerry Young,Female,46,56697,0
10957,Jeffery Compton,Male,35,50987,0
10958,Gina Bennett,Male,31,83126,1
10959,Michael Sanders,Female,35,30480,0
10960,John Parker,Male,36,109420,0
10961,Sarah Clark,Male,39,14821,1
10962,Christy Lopez,Male,30,42591,1
10963,Jimmy Hardy,Female,42,107660,0
10964,Stephanie Morales,Male,43,61625,0
10965,Alexander Bennett,Male,58,129836,0
10966,Elizabeth Williams,Male,44,131154,1
10967,Caroline Perez,Female,55,122290,0
10968,Kimberly Parker,Female,28,122755,1
10969,Christina Kim,Male,39,52113,0
10970,Rebecca Brown,Female,24,62790,0
10971,Diane Jones,Female,22,146489,0
10972,Heather Tucker,Female,57,125544,0
10973,Paul Warner,Female,23,35085,0
10974,Heather Smith,Female,48,79499,0
10975,Melissa Watson,Male,22,108736,0
10976,Daniel Tyler,Female,54,63473,0
10977,Michael Benjamin,Male,56,89100,0
10978,Jacqueline Odonnell,Male,22,79086,0
10979,Leah Morgan,Female,48,47415,0
10980,Kari Gomez,Female,29,61069,0
10981,Billy Bell,Male,47,73800,0
10982,Jennifer Gonzalez,Male,44,141295,0
10983,Michael Mack,Female,51,89821,1
10984,Mark Washington,Male,37,134291,1
10985,Wendy Daniels,Male,44,127519,1
10986,Roberto Henry,Female,55,62692,0
10987,Michael Williams,Male,56,86969,0
10988,Nancy Wagner,Female,35,30446,0
10989,Alan Caldwell,Male,21,137730,0
10990,Nathan Cohen,Female,22,82381,0
10991,Erica Rivera,Female,33,106461,0
10992,Donald Wheeler,Female,22,94262,0
10993,Joshua Macdonald,Male,31,149700,0
10994,Melissa Robinson,Male,51,42573,0
10995,Julia Wright,Female,33,79901,0
10996,Daniel Martinez DVM,Male,50,60920,1
10997,Susan Stone,Female,23,17081,1
10998,William Delacruz,Female,40,59766,0
10999,Lisa Brown,Female,56,103336,0
11000,Jeffrey Mendez,Male,42,123772,0
